Date,"Daily minimum temperatures in Melbourne, Australia, 1981-1990"
1-Jan-81,20.7
2-Jan-81,17.9
3-Jan-81,18.8
4-Jan-81,14.6
5-Jan-81,15.8
6-Jan-81,15.8
7-Jan-81,15.8
8-Jan-81,17.4
9-Jan-81,21.8
10-Jan-81,20
11-Jan-81,16.2
12-Jan-81,13.3
13-Jan-81,16.7
14-Jan-81,21.5
15-Jan-81,25
16-Jan-81,20.7
17-Jan-81,20.6
18-Jan-81,24.8
19-Jan-81,17.7
20-Jan-81,15.5
21-Jan-81,18.2
22-Jan-81,12.1
23-Jan-81,14.4
24-Jan-81,16
25-Jan-81,16.5
26-Jan-81,18.7
27-Jan-81,19.4
28-Jan-81,17.2
29-Jan-81,15.5
30-Jan-81,15.1
31-Jan-81,15.4
1-Feb-81,15.3
2-Feb-81,18.8
3-Feb-81,21.9
4-Feb-81,19.9
5-Feb-81,16.6
6-Feb-81,16.8
7-Feb-81,14.6
8-Feb-81,17.1
9-Feb-81,25
10-Feb-81,15
11-Feb-81,13.7
12-Feb-81,13.9
13-Feb-81,18.3
14-Feb-81,22
15-Feb-81,22.1
16-Feb-81,21.2
17-Feb-81,18.4
18-Feb-81,16.6
19-Feb-81,16.1
20-Feb-81,15.7
21-Feb-81,16.6
22-Feb-81,16.5
23-Feb-81,14.4
24-Feb-81,14.4
25-Feb-81,18.5
26-Feb-81,16.9
27-Feb-81,17.5
28-Feb-81,21.2
1-Mar-81,17.8
2-Mar-81,18.6
3-Mar-81,17
4-Mar-81,16
5-Mar-81,13.3
6-Mar-81,14.3
7-Mar-81,11.4
8-Mar-81,16.3
9-Mar-81,16.1
10-Mar-81,11.8
11-Mar-81,12.2
12-Mar-81,14.7
13-Mar-81,11.8
14-Mar-81,11.3
15-Mar-81,10.6
16-Mar-81,11.7
17-Mar-81,14.2
18-Mar-81,11.2
19-Mar-81,16.9
20-Mar-81,16.7
21-Mar-81,8.1
22-Mar-81,8
23-Mar-81,8.8
24-Mar-81,13.4
25-Mar-81,10.9
26-Mar-81,13.4
27-Mar-81,11
28-Mar-81,15
29-Mar-81,15.7
30-Mar-81,14.5
31-Mar-81,15.8
1-Apr-81,16.7
2-Apr-81,16.8
3-Apr-81,17.5
4-Apr-81,17.1
5-Apr-81,18.1
6-Apr-81,16.6
7-Apr-81,10
8-Apr-81,14.9
9-Apr-81,15.9
10-Apr-81,13
11-Apr-81,7.6
12-Apr-81,11.5
13-Apr-81,13.5
14-Apr-81,13
15-Apr-81,13.3
16-Apr-81,12.1
17-Apr-81,12.4
18-Apr-81,13.2
19-Apr-81,13.8
20-Apr-81,10.6
21-Apr-81,9
22-Apr-81,10
23-Apr-81,9.8
24-Apr-81,11.5
25-Apr-81,8.9
26-Apr-81,7.4
27-Apr-81,9.9
28-Apr-81,9.3
29-Apr-81,9.9
30-Apr-81,7.4
1-May-81,8.6
2-May-81,11.9
3-May-81,14
4-May-81,8.6
5-May-81,10
6-May-81,13.5
7-May-81,12
8-May-81,10.5
9-May-81,10.7
10-May-81,8.1
11-May-81,10.1
12-May-81,10.6
13-May-81,5.3
14-May-81,6.6
15-May-81,8.5
16-May-81,11.2
17-May-81,9.8
18-May-81,5.9
19-May-81,3.2
20-May-81,2.1
21-May-81,3.4
22-May-81,5.4
23-May-81,9.6
24-May-81,11.5
25-May-81,12.3
26-May-81,12.6
27-May-81,11
28-May-81,11.2
29-May-81,11.4
30-May-81,11.8
31-May-81,12.8
1-Jun-81,11.6
2-Jun-81,10.6
3-Jun-81,9.8
4-Jun-81,11.2
5-Jun-81,5.7
6-Jun-81,7.1
7-Jun-81,2.5
8-Jun-81,3.5
9-Jun-81,4.6
10-Jun-81,11
11-Jun-81,5.7
12-Jun-81,7.7
13-Jun-81,10.4
14-Jun-81,11.4
15-Jun-81,9.2
16-Jun-81,6.1
17-Jun-81,2.7
18-Jun-81,4.3
19-Jun-81,6.3
20-Jun-81,3.8
21-Jun-81,4.4
22-Jun-81,7.1
23-Jun-81,4.8
24-Jun-81,5.8
25-Jun-81,6.2
26-Jun-81,7.3
27-Jun-81,9.2
28-Jun-81,10.2
29-Jun-81,9.5
30-Jun-81,9.5
1-Jul-81,10.7
2-Jul-81,10
3-Jul-81,6.5
4-Jul-81,7
5-Jul-81,7.4
6-Jul-81,8.1
7-Jul-81,6.6
8-Jul-81,8.3
9-Jul-81,8.9
10-Jul-81,4.6
11-Jul-81,6.8
12-Jul-81,5.7
13-Jul-81,6.1
14-Jul-81,7
15-Jul-81,7.2
16-Jul-81,6.3
17-Jul-81,8.8
18-Jul-81,5
19-Jul-81,7.4
20-Jul-81,10.1
21-Jul-81,12
22-Jul-81,9
23-Jul-81,8.9
24-Jul-81,9.8
25-Jul-81,9
26-Jul-81,9.2
27-Jul-81,7.7
28-Jul-81,8
29-Jul-81,6.1
30-Jul-81,3.5
31-Jul-81,3.2
1-Aug-81,5.7
2-Aug-81,7.7
3-Aug-81,9
4-Aug-81,10
5-Aug-81,6.2
6-Aug-81,6.9
7-Aug-81,6.5
8-Aug-81,6.8
9-Aug-81,7
10-Aug-81,5.2
11-Aug-81,3
12-Aug-81,5.6
13-Aug-81,7.9
14-Aug-81,9
15-Aug-81,8.6
16-Aug-81,10.3
17-Aug-81,10.5
18-Aug-81,7.6
19-Aug-81,9.7
20-Aug-81,12.5
21-Aug-81,7.4
22-Aug-81,7.9
23-Aug-81,3.9
24-Aug-81,6.6
25-Aug-81,4.6
26-Aug-81,7
27-Aug-81,6
28-Aug-81,5.5
29-Aug-81,8.1
30-Aug-81,5.5
31-Aug-81,6.2
1-Sep-81,8
2-Sep-81,10.3
3-Sep-81,9.8
4-Sep-81,9.6
5-Sep-81,8.5
6-Sep-81,7.5
7-Sep-81,11.2
8-Sep-81,14.6
9-Sep-81,11.7
10-Sep-81,7.8
11-Sep-81,12.3
12-Sep-81,10.1
13-Sep-81,11.5
14-Sep-81,7.3
15-Sep-81,10.9
16-Sep-81,14.1
17-Sep-81,10.7
18-Sep-81,16.9
19-Sep-81,10.5
20-Sep-81,6.5
21-Sep-81,11
22-Sep-81,6.3
23-Sep-81,10.5
24-Sep-81,7.2
25-Sep-81,7.6
26-Sep-81,10.7
27-Sep-81,7.8
28-Sep-81,9.6
29-Sep-81,11.4
30-Sep-81,12.4
1-Oct-81,8.9
2-Oct-81,13.2
3-Oct-81,8.6
4-Oct-81,6.2
5-Oct-81,11.4
6-Oct-81,13.2
7-Oct-81,14.3
8-Oct-81,7.3
9-Oct-81,12.9
10-Oct-81,7.8
11-Oct-81,6.2
12-Oct-81,5.6
13-Oct-81,10
14-Oct-81,13.3
15-Oct-81,8.3
16-Oct-81,10.2
17-Oct-81,8.6
18-Oct-81,7.3
19-Oct-81,10.4
20-Oct-81,11.2
21-Oct-81,13.2
22-Oct-81,11.4
23-Oct-81,9.1
24-Oct-81,6.6
25-Oct-81,8.4
26-Oct-81,9.7
27-Oct-81,13.2
28-Oct-81,12.5
29-Oct-81,11
30-Oct-81,11
31-Oct-81,11.7
1-Nov-81,9.2
2-Nov-81,11.5
3-Nov-81,13.6
4-Nov-81,13.7
5-Nov-81,10.4
6-Nov-81,11.5
7-Nov-81,7.6
8-Nov-81,9.6
9-Nov-81,14.2
10-Nov-81,15.7
11-Nov-81,10.5
12-Nov-81,10.5
13-Nov-81,9.7
14-Nov-81,9.5
15-Nov-81,11.3
16-Nov-81,8.9
17-Nov-81,9.4
18-Nov-81,11.9
19-Nov-81,11.7
20-Nov-81,13.4
21-Nov-81,12.6
22-Nov-81,10.1
23-Nov-81,15.8
24-Nov-81,13.6
25-Nov-81,11.9
26-Nov-81,9.9
27-Nov-81,12.6
28-Nov-81,17.8
29-Nov-81,15
30-Nov-81,13.6
1-Dec-81,13.4
2-Dec-81,10.5
3-Dec-81,14.2
4-Dec-81,11.5
5-Dec-81,13
6-Dec-81,15
7-Dec-81,14.7
8-Dec-81,12.6
9-Dec-81,12.5
10-Dec-81,13.5
11-Dec-81,14.8
12-Dec-81,17.2
13-Dec-81,9.7
14-Dec-81,12.1
15-Dec-81,12.8
16-Dec-81,11.2
17-Dec-81,16.4
18-Dec-81,15.6
19-Dec-81,13.3
20-Dec-81,11
21-Dec-81,11.1
22-Dec-81,15
23-Dec-81,12.8
24-Dec-81,15
25-Dec-81,14.2
26-Dec-81,14
27-Dec-81,15.5
28-Dec-81,13.3
29-Dec-81,15.6
30-Dec-81,15.2
31-Dec-81,17.4
1-Jan-82,17
2-Jan-82,15
3-Jan-82,13.5
4-Jan-82,15.2
5-Jan-82,13
6-Jan-82,12.5
7-Jan-82,14.1
8-Jan-82,14.8
9-Jan-82,16.2
10-Jan-82,15.8
11-Jan-82,19.1
12-Jan-82,22.2
13-Jan-82,15.9
14-Jan-82,13
15-Jan-82,14.1
16-Jan-82,15.8
17-Jan-82,24
18-Jan-82,18
19-Jan-82,19.7
20-Jan-82,25.2
21-Jan-82,20.5
22-Jan-82,19.3
23-Jan-82,15.8
24-Jan-82,17
25-Jan-82,18.4
26-Jan-82,13.3
27-Jan-82,14.6
28-Jan-82,12.5
29-Jan-82,17
30-Jan-82,17.1
31-Jan-82,14
1-Feb-82,14.6
2-Feb-82,13.3
3-Feb-82,14.8
4-Feb-82,15.1
5-Feb-82,13.1
6-Feb-82,13.6
7-Feb-82,19.5
8-Feb-82,22.7
9-Feb-82,17.2
10-Feb-82,13.5
11-Feb-82,15.4
12-Feb-82,17
13-Feb-82,19.2
14-Feb-82,22.8
15-Feb-82,26.3
16-Feb-82,18.2
17-Feb-82,17
18-Feb-82,14.8
19-Feb-82,12.8
20-Feb-82,15.5
21-Feb-82,15.6
22-Feb-82,13.1
23-Feb-82,15.2
24-Feb-82,14.1
25-Feb-82,12.5
26-Feb-82,14.6
27-Feb-82,10.4
28-Feb-82,13.9
1-Mar-82,11.9
2-Mar-82,13.5
3-Mar-82,9.8
4-Mar-82,14
5-Mar-82,21.5
6-Mar-82,19.5
7-Mar-82,16.7
8-Mar-82,19.1
9-Mar-82,11
10-Mar-82,9
11-Mar-82,10
12-Mar-82,14.6
13-Mar-82,12.5
14-Mar-82,17.2
15-Mar-82,19.2
16-Mar-82,22.2
17-Mar-82,15.7
18-Mar-82,14.2
19-Mar-82,9.8
20-Mar-82,14
21-Mar-82,17.5
22-Mar-82,20.7
23-Mar-82,15.6
24-Mar-82,13.2
25-Mar-82,14.5
26-Mar-82,16.8
27-Mar-82,17.2
28-Mar-82,13.4
29-Mar-82,14.2
30-Mar-82,14.3
31-Mar-82,10.2
1-Apr-82,10.4
2-Apr-82,12.3
3-Apr-82,11.9
4-Apr-82,11.2
5-Apr-82,8.5
6-Apr-82,12
7-Apr-82,12.4
8-Apr-82,12.9
9-Apr-82,10.1
10-Apr-82,15
11-Apr-82,13.6
12-Apr-82,12.4
13-Apr-82,13.6
14-Apr-82,16.1
15-Apr-82,19.5
16-Apr-82,14.2
17-Apr-82,9.3
18-Apr-82,10.1
19-Apr-82,7.4
20-Apr-82,8.6
21-Apr-82,7.8
22-Apr-82,9.1
23-Apr-82,13
24-Apr-82,16.5
25-Apr-82,12.9
26-Apr-82,6.9
27-Apr-82,6.9
28-Apr-82,8.7
29-Apr-82,10
30-Apr-82,10.8
1-May-82,7.5
2-May-82,6.3
3-May-82,11.9
4-May-82,13.8
5-May-82,11.8
6-May-82,11
7-May-82,10.1
8-May-82,8.5
9-May-82,5.5
10-May-82,7.6
11-May-82,8.7
12-May-82,10.8
13-May-82,11.2
14-May-82,9.1
15-May-82,3.7
16-May-82,4.6
17-May-82,6.6
18-May-82,13.2
19-May-82,15.2
20-May-82,7.6
21-May-82,8.4
22-May-82,6
23-May-82,8.3
24-May-82,8.6
25-May-82,11.1
26-May-82,12.1
27-May-82,12.9
28-May-82,14
29-May-82,12.5
30-May-82,11.5
31-May-82,7
1-Jun-82,7.1
2-Jun-82,9
3-Jun-82,3.1
4-Jun-82,2.5
5-Jun-82,0
6-Jun-82,1.6
7-Jun-82,2.6
8-Jun-82,5.7
9-Jun-82,2.3
10-Jun-82,4.5
11-Jun-82,8.2
12-Jun-82,6.9
13-Jun-82,7.3
14-Jun-82,6
15-Jun-82,7.3
16-Jun-82,7.6
17-Jun-82,8
18-Jun-82,8
19-Jun-82,6.8
20-Jun-82,7.3
21-Jun-82,6.2
22-Jun-82,6.9
23-Jun-82,8.9
24-Jun-82,4
25-Jun-82,1.3
26-Jun-82,0.8
27-Jun-82,4.3
28-Jun-82,7.3
29-Jun-82,7.7
30-Jun-82,9
1-Jul-82,4.2
2-Jul-82,1.6
3-Jul-82,2.6
4-Jul-82,3.4
5-Jul-82,3.9
6-Jul-82,7
7-Jul-82,7.8
8-Jul-82,5.3
9-Jul-82,2.4
10-Jul-82,2.8
11-Jul-82,4
12-Jul-82,7.5
13-Jul-82,7.8
14-Jul-82,5.6
15-Jul-82,3.3
16-Jul-82,5
17-Jul-82,3.7
18-Jul-82,3.9
19-Jul-82,5.2
20-Jul-82,0.2
21-Jul-82,0.8
22-Jul-82,0.9
23-Jul-82,3.5
24-Jul-82,6.6
25-Jul-82,9.5
26-Jul-82,9
27-Jul-82,3.5
28-Jul-82,4.5
29-Jul-82,5.7
30-Jul-82,5.6
31-Jul-82,7.1
1-Aug-82,9.7
2-Aug-82,8.3
3-Aug-82,9.1
4-Aug-82,2.8
5-Aug-82,2.2
6-Aug-82,4.5
7-Aug-82,3.8
8-Aug-82,3.8
9-Aug-82,6.2
10-Aug-82,11.5
11-Aug-82,10.2
12-Aug-82,7.9
13-Aug-82,9
14-Aug-82,9.5
15-Aug-82,6
16-Aug-82,8.2
17-Aug-82,9.2
18-Aug-82,4.3
19-Aug-82,6.6
20-Aug-82,9.4
21-Aug-82,13.2
22-Aug-82,6.6
23-Aug-82,5.1
24-Aug-82,12.1
25-Aug-82,11.2
26-Aug-82,8.5
27-Aug-82,4.6
28-Aug-82,7
29-Aug-82,14.2
30-Aug-82,12.7
31-Aug-82,7.6
1-Sep-82,4
2-Sep-82,10
3-Sep-82,10.5
4-Sep-82,5
5-Sep-82,4.5
6-Sep-82,8.2
7-Sep-82,4.3
8-Sep-82,9.8
9-Sep-82,5.8
10-Sep-82,5
11-Sep-82,8.5
12-Sep-82,9
13-Sep-82,3.6
14-Sep-82,6.7
15-Sep-82,6.7
16-Sep-82,10.1
17-Sep-82,15
18-Sep-82,8.9
19-Sep-82,5.7
20-Sep-82,4.2
21-Sep-82,4
22-Sep-82,5.3
23-Sep-82,6.3
24-Sep-82,8.5
25-Sep-82,11.5
26-Sep-82,7.7
27-Sep-82,9.2
28-Sep-82,7.8
29-Sep-82,6.3
30-Sep-82,6.3
1-Oct-82,8.6
2-Oct-82,6.1
3-Oct-82,13.2
4-Oct-82,9.9
5-Oct-82,4.7
6-Oct-82,5.8
7-Oct-82,14.9
8-Oct-82,10.7
9-Oct-82,8.6
10-Oct-82,9.4
11-Oct-82,5.7
12-Oct-82,10.9
13-Oct-82,13.1
14-Oct-82,10.4
15-Oct-82,8.2
16-Oct-82,9.8
17-Oct-82,7.5
18-Oct-82,5.8
19-Oct-82,9.8
20-Oct-82,7.9
21-Oct-82,8.7
22-Oct-82,10
23-Oct-82,10.6
24-Oct-82,8
25-Oct-82,10.2
26-Oct-82,15.1
27-Oct-82,13.9
28-Oct-82,9.2
29-Oct-82,9
30-Oct-82,13.2
31-Oct-82,7
1-Nov-82,10.6
2-Nov-82,6.9
3-Nov-82,9.5
4-Nov-82,12.5
5-Nov-82,13.6
6-Nov-82,17.7
7-Nov-82,16
8-Nov-82,11.3
9-Nov-82,10.5
10-Nov-82,14.4
11-Nov-82,10.3
12-Nov-82,9
13-Nov-82,11.1
14-Nov-82,14.5
15-Nov-82,18
16-Nov-82,12.8
17-Nov-82,10.7
18-Nov-82,9.1
19-Nov-82,8.7
20-Nov-82,12.4
21-Nov-82,12.6
22-Nov-82,10.3
23-Nov-82,13.7
24-Nov-82,16
25-Nov-82,15.8
26-Nov-82,12.1
27-Nov-82,12.5
28-Nov-82,12.2
29-Nov-82,13.7
30-Nov-82,16.1
1-Dec-82,15.5
2-Dec-82,10.3
3-Dec-82,10.5
4-Dec-82,11
5-Dec-82,11.9
6-Dec-82,13
7-Dec-82,12.2
8-Dec-82,10.6
9-Dec-82,13
10-Dec-82,13
11-Dec-82,12.2
12-Dec-82,12.6
13-Dec-82,18.7
14-Dec-82,15.2
15-Dec-82,15.3
16-Dec-82,13.9
17-Dec-82,15.8
18-Dec-82,13
19-Dec-82,13
20-Dec-82,13.7
21-Dec-82,12
22-Dec-82,10.8
23-Dec-82,15.6
24-Dec-82,15.3
25-Dec-82,13.9
26-Dec-82,13
27-Dec-82,15.3
28-Dec-82,16.3
29-Dec-82,15.8
30-Dec-82,17.7
31-Dec-82,16.3
1-Jan-83,18.4
2-Jan-83,15
3-Jan-83,10.9
4-Jan-83,11.4
5-Jan-83,14.8
6-Jan-83,12.1
7-Jan-83,12.8
8-Jan-83,16.2
9-Jan-83,15.5
10-Jan-83,13
11-Jan-83,10.5
12-Jan-83,9.1
13-Jan-83,10.5
14-Jan-83,11.8
15-Jan-83,12.7
16-Jan-83,12.7
17-Jan-83,11.5
18-Jan-83,13.8
19-Jan-83,13.3
20-Jan-83,11.6
21-Jan-83,15.4
22-Jan-83,12.4
23-Jan-83,16.9
24-Jan-83,14.7
25-Jan-83,10.6
26-Jan-83,15.6
27-Jan-83,10.7
28-Jan-83,12.6
29-Jan-83,13.8
30-Jan-83,14.3
31-Jan-83,14
1-Feb-83,18.1
2-Feb-83,17.3
3-Feb-83,13
4-Feb-83,16
5-Feb-83,14.9
6-Feb-83,16.2
7-Feb-83,20.3
8-Feb-83,22.5
9-Feb-83,17.2
10-Feb-83,15.9
11-Feb-83,16.8
12-Feb-83,13.8
13-Feb-83,12.8
14-Feb-83,14
15-Feb-83,17.5
16-Feb-83,21.5
17-Feb-83,16.8
18-Feb-83,13.6
19-Feb-83,14.5
20-Feb-83,14.2
21-Feb-83,15.7
22-Feb-83,19.7
23-Feb-83,17.4
24-Feb-83,14.4
25-Feb-83,16.9
26-Feb-83,19.1
27-Feb-83,20.4
28-Feb-83,20.1
1-Mar-83,19.9
2-Mar-83,22
3-Mar-83,20.5
4-Mar-83,22.1
5-Mar-83,20.6
6-Mar-83,15
7-Mar-83,20.6
8-Mar-83,21.5
9-Mar-83,16.2
10-Mar-83,14.1
11-Mar-83,14.5
12-Mar-83,21.1
13-Mar-83,15.9
14-Mar-83,15.2
15-Mar-83,13.1
16-Mar-83,13.2
17-Mar-83,12.5
18-Mar-83,15.2
19-Mar-83,17.6
20-Mar-83,15.5
21-Mar-83,16.7
22-Mar-83,16.3
23-Mar-83,15.1
24-Mar-83,12.7
25-Mar-83,10
26-Mar-83,11.4
27-Mar-83,12.6
28-Mar-83,10.7
29-Mar-83,10
30-Mar-83,13.9
31-Mar-83,13.4
1-Apr-83,12.5
2-Apr-83,12.8
3-Apr-83,7.8
4-Apr-83,11.1
5-Apr-83,10.7
6-Apr-83,7.1
7-Apr-83,6.7
8-Apr-83,5.7
9-Apr-83,9.1
10-Apr-83,15.2
11-Apr-83,15.5
12-Apr-83,11.1
13-Apr-83,11.7
14-Apr-83,11.5
15-Apr-83,9.8
16-Apr-83,6.2
17-Apr-83,6.7
18-Apr-83,7.5
19-Apr-83,8.8
20-Apr-83,8
21-Apr-83,10.4
22-Apr-83,14.5
23-Apr-83,16.5
24-Apr-83,14.1
25-Apr-83,10.5
26-Apr-83,12.6
27-Apr-83,13
28-Apr-83,8.7
29-Apr-83,10.1
30-Apr-83,12
1-May-83,12.5
2-May-83,13.5
3-May-83,13.7
4-May-83,13.5
5-May-83,10.7
6-May-83,13
7-May-83,11.6
8-May-83,13
9-May-83,11.2
10-May-83,13.5
11-May-83,12.9
12-May-83,6.8
13-May-83,10
14-May-83,14.5
15-May-83,11.7
16-May-83,6.7
17-May-83,4.6
18-May-83,4.9
19-May-83,7.4
20-May-83,8.3
21-May-83,7.5
22-May-83,6.2
23-May-83,7.8
24-May-83,13.2
25-May-83,11.9
26-May-83,6.5
27-May-83,8.3
28-May-83,12.1
29-May-83,9.3
30-May-83,7.5
31-May-83,9.3
1-Jun-83,11
2-Jun-83,10.8
3-Jun-83,5.3
4-Jun-83,7.6
5-Jun-83,5.6
6-Jun-83,7.2
7-Jun-83,9.6
8-Jun-83,7
9-Jun-83,8.3
10-Jun-83,7.8
11-Jun-83,4.7
12-Jun-83,6.8
13-Jun-83,7.2
14-Jun-83,8.3
15-Jun-83,9.5
16-Jun-83,4.7
17-Jun-83,3
18-Jun-83,1.5
19-Jun-83,2.5
20-Jun-83,6.2
21-Jun-83,11.6
22-Jun-83,6.6
23-Jun-83,6.6
24-Jun-83,8
25-Jun-83,7.9
26-Jun-83,3.3
27-Jun-83,3.9
28-Jun-83,6
29-Jun-83,4
30-Jun-83,5.5
1-Jul-83,8.5
2-Jul-83,9.8
3-Jul-83,9.5
4-Jul-83,7.2
5-Jul-83,8.1
6-Jul-83,8
7-Jul-83,8.5
8-Jul-83,8.8
9-Jul-83,8.3
10-Jul-83,2.4
11-Jul-83,4.9
12-Jul-83,5.9
13-Jul-83,6.7
14-Jul-83,8.4
15-Jul-83,6.5
16-Jul-83,7.9
17-Jul-83,4.1
18-Jul-83,5.4
19-Jul-83,7.5
20-Jul-83,3.9
21-Jul-83,2.5
22-Jul-83,5.3
23-Jul-83,6.6
24-Jul-83,0
25-Jul-83,0.7
26-Jul-83,7.6
27-Jul-83,12.3
28-Jul-83,9.2
29-Jul-83,9.6
30-Jul-83,9.5
1-Aug-83,7.7
2-Aug-83,8
3-Aug-83,8.3
4-Aug-83,8.3
5-Aug-83,4.5
6-Aug-83,6.5
7-Aug-83,9.4
8-Aug-83,9.4
9-Aug-83,10.5
10-Aug-83,10.7
11-Aug-83,9.9
12-Aug-83,7.6
13-Aug-83,5.8
14-Aug-83,8.5
15-Aug-83,13.8
16-Aug-83,14.3
17-Aug-83,8.3
18-Aug-83,5.3
19-Aug-83,3
20-Aug-83,5.2
21-Aug-83,10.3
22-Aug-83,11.1
23-Aug-83,10.5
24-Aug-83,9
25-Aug-83,13
26-Aug-83,6.4
27-Aug-83,8.4
28-Aug-83,6.7
29-Aug-83,8.3
30-Aug-83,11.2
31-Aug-83,10
1-Sep-83,10.1
2-Sep-83,10.6
3-Sep-83,10.9
4-Sep-83,5.7
5-Sep-83,9.5
6-Sep-83,10.4
7-Sep-83,11.1
8-Sep-83,12.2
9-Sep-83,10.6
10-Sep-83,8.8
11-Sep-83,9.2
12-Sep-83,5.5
13-Sep-83,7.1
14-Sep-83,6.5
15-Sep-83,4.3
16-Sep-83,5
17-Sep-83,11.2
18-Sep-83,7.5
19-Sep-83,12
20-Sep-83,13.6
21-Sep-83,8.3
22-Sep-83,8.5
23-Sep-83,12.9
24-Sep-83,7.7
25-Sep-83,7.6
26-Sep-83,3.5
27-Sep-83,10.4
28-Sep-83,15.4
29-Sep-83,10.6
30-Sep-83,9.6
1-Oct-83,9.3
2-Oct-83,13.9
3-Oct-83,7.7
4-Oct-83,9.5
5-Oct-83,7.6
6-Oct-83,6.9
7-Oct-83,6.8
8-Oct-83,5.8
9-Oct-83,6
10-Oct-83,8.3
11-Oct-83,9.1
12-Oct-83,12.5
13-Oct-83,13.2
14-Oct-83,16.2
15-Oct-83,12.5
16-Oct-83,11.8
17-Oct-83,10.6
18-Oct-83,10
19-Oct-83,12.2
20-Oct-83,8.9
21-Oct-83,10.3
22-Oct-83,7.5
23-Oct-83,11.6
24-Oct-83,12.6
25-Oct-83,12.9
26-Oct-83,11.7
27-Oct-83,14
28-Oct-83,12.3
29-Oct-83,9
30-Oct-83,9.2
31-Oct-83,9.8
1-Nov-83,11.8
2-Nov-83,10.6
3-Nov-83,12.6
4-Nov-83,11
5-Nov-83,8.2
6-Nov-83,7.5
7-Nov-83,13.6
8-Nov-83,14.8
9-Nov-83,10.9
10-Nov-83,7.7
11-Nov-83,10.2
12-Nov-83,10.8
13-Nov-83,10.8
14-Nov-83,12.5
15-Nov-83,13.2
16-Nov-83,8.7
17-Nov-83,5.7
18-Nov-83,9.8
19-Nov-83,7.3
20-Nov-83,10.8
21-Nov-83,10
22-Nov-83,16.2
23-Nov-83,15
24-Nov-83,14.5
25-Nov-83,15.9
26-Nov-83,14.9
27-Nov-83,14.2
28-Nov-83,15.8
29-Nov-83,17.2
30-Nov-83,17.6
1-Dec-83,12.1
2-Dec-83,11.4
3-Dec-83,13
4-Dec-83,13.2
5-Dec-83,12
6-Dec-83,15.3
7-Dec-83,12.7
8-Dec-83,12.1
9-Dec-83,13.8
10-Dec-83,10.9
11-Dec-83,12
12-Dec-83,16.5
13-Dec-83,15
14-Dec-83,11.2
15-Dec-83,13.9
16-Dec-83,15
17-Dec-83,14.8
18-Dec-83,15
19-Dec-83,13.3
20-Dec-83,20.4
21-Dec-83,18
22-Dec-83,12.2
23-Dec-83,16.7
24-Dec-83,13.8
25-Dec-83,17.5
26-Dec-83,15
27-Dec-83,13.9
28-Dec-83,11.1
29-Dec-83,16.1
30-Dec-83,20.4
31-Dec-83,18
1-Jan-84,19.5
2-Jan-84,17.1
3-Jan-84,17.1
4-Jan-84,12
5-Jan-84,11
6-Jan-84,16.3
7-Jan-84,16.1
8-Jan-84,13
9-Jan-84,13.4
10-Jan-84,15.2
11-Jan-84,12.5
12-Jan-84,14.3
13-Jan-84,16.5
14-Jan-84,18.6
15-Jan-84,18
16-Jan-84,18.2
17-Jan-84,11.4
18-Jan-84,11.9
19-Jan-84,12.2
20-Jan-84,14.8
21-Jan-84,13.1
22-Jan-84,12.7
23-Jan-84,10.5
24-Jan-84,13.8
25-Jan-84,18.8
26-Jan-84,13.9
27-Jan-84,11.2
28-Jan-84,10.6
29-Jan-84,14.7
30-Jan-84,13.1
31-Jan-84,12.1
1-Feb-84,14.7
2-Feb-84,11.1
3-Feb-84,13
4-Feb-84,15.6
5-Feb-84,14.2
6-Feb-84,15.5
7-Feb-84,18
8-Feb-84,15
9-Feb-84,15.9
10-Feb-84,15.5
11-Feb-84,15.8
12-Feb-84,16.6
13-Feb-84,13.6
14-Feb-84,13.8
15-Feb-84,14.6
16-Feb-84,15.6
17-Feb-84,16.6
18-Feb-84,14.3
19-Feb-84,16.3
20-Feb-84,18.9
21-Feb-84,18.7
22-Feb-84,14.5
23-Feb-84,16.5
24-Feb-84,14.1
25-Feb-84,13.5
26-Feb-84,11.7
27-Feb-84,15.1
28-Feb-84,11.2
29-Feb-84,13.5
1-Mar-84,12.6
2-Mar-84,8.8
3-Mar-84,10.5
4-Mar-84,12.1
5-Mar-84,14.5
6-Mar-84,19.5
7-Mar-84,14
8-Mar-84,13.8
9-Mar-84,10.5
10-Mar-84,13.8
11-Mar-84,11.4
12-Mar-84,15.6
13-Mar-84,11.1
14-Mar-84,12.1
15-Mar-84,14.2
16-Mar-84,10.9
17-Mar-84,14.2
18-Mar-84,13.8
19-Mar-84,15.1
20-Mar-84,14
21-Mar-84,12.1
22-Mar-84,13.8
23-Mar-84,16.6
24-Mar-84,17.8
25-Mar-84,9.4
26-Mar-84,10.2
27-Mar-84,7.4
28-Mar-84,8.7
29-Mar-84,14
30-Mar-84,15.3
31-Mar-84,11.1
1-Apr-84,9.7
2-Apr-84,10.3
3-Apr-84,9.2
4-Apr-84,8.2
5-Apr-84,9.7
6-Apr-84,12.4
7-Apr-84,12.5
8-Apr-84,9
9-Apr-84,9.7
10-Apr-84,10.1
11-Apr-84,11.2
12-Apr-84,12
13-Apr-84,11.1
14-Apr-84,10.8
15-Apr-84,12.8
16-Apr-84,9.8
17-Apr-84,13.7
18-Apr-84,11
19-Apr-84,13.2
20-Apr-84,13
21-Apr-84,10.2
22-Apr-84,13.2
23-Apr-84,9.3
24-Apr-84,11.1
25-Apr-84,10.3
26-Apr-84,8.7
27-Apr-84,11.7
28-Apr-84,12.5
29-Apr-84,6.5
30-Apr-84,9.6
1-May-84,13.8
2-May-84,14.7
3-May-84,9.1
4-May-84,4.8
5-May-84,3.3
6-May-84,3.5
7-May-84,5.7
8-May-84,5.5
9-May-84,7
10-May-84,9.5
11-May-84,9.9
12-May-84,4.9
13-May-84,6.3
14-May-84,4.8
15-May-84,6.2
16-May-84,7.1
17-May-84,7.5
18-May-84,9.4
19-May-84,8.7
20-May-84,9.5
21-May-84,12.1
22-May-84,9.5
23-May-84,9.3
24-May-84,8.5
25-May-84,8
26-May-84,9.8
27-May-84,6.2
28-May-84,7.3
29-May-84,10.9
30-May-84,10
31-May-84,8.7
1-Jun-84,9
2-Jun-84,10.8
3-Jun-84,12.4
4-Jun-84,7.2
5-Jun-84,7.2
6-Jun-84,11.1
7-Jun-84,9.3
8-Jun-84,10.1
9-Jun-84,3.9
10-Jun-84,5
11-Jun-84,8.2
12-Jun-84,2.8
13-Jun-84,4.3
14-Jun-84,8.1
15-Jun-84,11.1
16-Jun-84,4.7
17-Jun-84,5.3
18-Jun-84,10
19-Jun-84,5.6
20-Jun-84,2.2
21-Jun-84,7.1
22-Jun-84,8.3
23-Jun-84,8.6
24-Jun-84,10.1
25-Jun-84,8.3
26-Jun-84,7.2
27-Jun-84,7.7
28-Jun-84,7.8
29-Jun-84,9.1
30-Jun-84,9.4
1-Jul-84,7.8
2-Jul-84,2.6
3-Jul-84,2.4
4-Jul-84,3.9
5-Jul-84,1.3
6-Jul-84,2.1
7-Jul-84,7.4
8-Jul-84,7.2
9-Jul-84,8.8
10-Jul-84,8.9
11-Jul-84,8.8
12-Jul-84,8
13-Jul-84,0.7
14-Jul-84,0.1
15-Jul-84,0.9
16-Jul-84,7.8
17-Jul-84,7.2
18-Jul-84,8
19-Jul-84,4.6
20-Jul-84,5.2
21-Jul-84,5.8
22-Jul-84,6.8
23-Jul-84,8.1
24-Jul-84,7.5
25-Jul-84,5.4
26-Jul-84,4.6
27-Jul-84,6.4
28-Jul-84,9.7
29-Jul-84,7
30-Jul-84,10
31-Jul-84,10.6
1-Aug-84,11.5
2-Aug-84,10.2
3-Aug-84,11.1
4-Aug-84,11
5-Aug-84,8.9
6-Aug-84,9.9
7-Aug-84,11.7
8-Aug-84,11.6
9-Aug-84,9
10-Aug-84,6.3
11-Aug-84,8.7
12-Aug-84,8.5
13-Aug-84,8.5
14-Aug-84,8
15-Aug-84,6
16-Aug-84,8
17-Aug-84,8.5
18-Aug-84,7.7
19-Aug-84,8.4
20-Aug-84,9
21-Aug-84,8.3
22-Aug-84,6.8
23-Aug-84,9.3
24-Aug-84,6.7
25-Aug-84,9
26-Aug-84,7.3
27-Aug-84,6.3
28-Aug-84,7.9
29-Aug-84,5.2
30-Aug-84,9
31-Aug-84,11.3
1-Sep-84,9.2
2-Sep-84,11.3
3-Sep-84,7
4-Sep-84,8
5-Sep-84,4.6
6-Sep-84,8.5
7-Sep-84,9.5
8-Sep-84,9.4
9-Sep-84,10.5
10-Sep-84,9.7
11-Sep-84,4.9
12-Sep-84,8
13-Sep-84,5.8
14-Sep-84,5.5
15-Sep-84,10.9
16-Sep-84,11.7
17-Sep-84,9.2
18-Sep-84,8.9
19-Sep-84,11.3
20-Sep-84,8.6
21-Sep-84,6.2
22-Sep-84,6.6
23-Sep-84,9.1
24-Sep-84,6.1
25-Sep-84,7.5
26-Sep-84,10.7
27-Sep-84,6.3
28-Sep-84,5.5
29-Sep-84,6.7
30-Sep-84,4.2
1-Oct-84,11.3
2-Oct-84,16.3
3-Oct-84,10.5
4-Oct-84,10.3
5-Oct-84,7.9
6-Oct-84,7.7
7-Oct-84,16
8-Oct-84,14.6
9-Oct-84,12.5
10-Oct-84,8.1
11-Oct-84,12.2
12-Oct-84,17.2
13-Oct-84,9.4
14-Oct-84,8.7
15-Oct-84,5.9
16-Oct-84,4.8
17-Oct-84,7.4
18-Oct-84,9.4
19-Oct-84,9.7
20-Oct-84,9.9
21-Oct-84,6.5
22-Oct-84,9.8
23-Oct-84,18.2
24-Oct-84,11.3
25-Oct-84,9.1
26-Oct-84,9.6
27-Oct-84,13.5
28-Oct-84,10.7
29-Oct-84,10
30-Oct-84,8.5
31-Oct-84,12.6
1-Nov-84,16.6
2-Nov-84,11.6
3-Nov-84,12.2
4-Nov-84,11.2
5-Nov-84,9.2
6-Nov-84,9.9
7-Nov-84,11.9
8-Nov-84,15.6
9-Nov-84,19
10-Nov-84,12.8
11-Nov-84,12.2
12-Nov-84,12
13-Nov-84,11.1
14-Nov-84,11.8
15-Nov-84,7.6
16-Nov-84,13
17-Nov-84,12.7
18-Nov-84,16
19-Nov-84,14.8
20-Nov-84,14.2
21-Nov-84,10
22-Nov-84,8.8
23-Nov-84,11.6
24-Nov-84,8.6
25-Nov-84,14.6
26-Nov-84,24.3
27-Nov-84,11.6
28-Nov-84,10.8
29-Nov-84,12
30-Nov-84,11
1-Dec-84,12.6
2-Dec-84,10.8
3-Dec-84,9.1
4-Dec-84,11
5-Dec-84,13
6-Dec-84,12.8
7-Dec-84,9.9
8-Dec-84,11.6
9-Dec-84,10.5
10-Dec-84,15.9
11-Dec-84,12.2
12-Dec-84,13
13-Dec-84,12.5
14-Dec-84,12.5
15-Dec-84,11.4
16-Dec-84,12.1
17-Dec-84,16.8
18-Dec-84,12.1
19-Dec-84,11.3
20-Dec-84,10.4
21-Dec-84,14.2
22-Dec-84,11.4
23-Dec-84,13.7
24-Dec-84,16.5
25-Dec-84,12.8
26-Dec-84,12.2
27-Dec-84,12
28-Dec-84,12.6
29-Dec-84,16
30-Dec-84,16.4
1-Jan-85,13.3
2-Jan-85,15.2
3-Jan-85,13.1
4-Jan-85,12.7
5-Jan-85,14.6
6-Jan-85,11
7-Jan-85,13.2
8-Jan-85,12.2
9-Jan-85,14.4
10-Jan-85,13.7
11-Jan-85,14.5
12-Jan-85,14.1
13-Jan-85,14.4
14-Jan-85,19.7
15-Jan-85,16.5
16-Jan-85,15.9
17-Jan-85,11.8
18-Jan-85,12
19-Jan-85,11.4
20-Jan-85,14.4
21-Jan-85,12.4
22-Jan-85,15.1
23-Jan-85,15.6
24-Jan-85,15.2
25-Jan-85,12.8
26-Jan-85,13.3
27-Jan-85,17.5
28-Jan-85,15.4
29-Jan-85,13.5
30-Jan-85,16.7
31-Jan-85,15.2
1-Feb-85,14.9
2-Feb-85,10.2
3-Feb-85,13.6
4-Feb-85,19
5-Feb-85,15.7
6-Feb-85,18
7-Feb-85,14.8
8-Feb-85,13.9
9-Feb-85,13
10-Feb-85,15.3
11-Feb-85,14.3
12-Feb-85,15.6
13-Feb-85,16
14-Feb-85,14.9
15-Feb-85,11.1
16-Feb-85,14.8
17-Feb-85,13
18-Feb-85,12.2
19-Feb-85,10.9
20-Feb-85,14.6
21-Feb-85,16.6
22-Feb-85,18.1
23-Feb-85,13.4
24-Feb-85,10.3
25-Feb-85,13.6
26-Feb-85,13.8
27-Feb-85,10.3
28-Feb-85,11
1-Mar-85,14.3
2-Mar-85,15.5
3-Mar-85,14.7
4-Mar-85,12.7
5-Mar-85,10.7
6-Mar-85,12.6
7-Mar-85,9.8
8-Mar-85,13.2
9-Mar-85,15.2
10-Mar-85,16.6
11-Mar-85,21
12-Mar-85,22.4
13-Mar-85,17
14-Mar-85,21.7
15-Mar-85,21.4
16-Mar-85,18.6
17-Mar-85,16.2
18-Mar-85,16.8
19-Mar-85,17
20-Mar-85,18.4
21-Mar-85,17.2
22-Mar-85,18.4
23-Mar-85,18.8
24-Mar-85,16.5
25-Mar-85,13.3
26-Mar-85,12.2
27-Mar-85,11.3
28-Mar-85,13.8
29-Mar-85,16.6
30-Mar-85,14
31-Mar-85,14.3
1-Apr-85,16.4
2-Apr-85,11.9
3-Apr-85,15.7
4-Apr-85,17.6
5-Apr-85,17.5
6-Apr-85,15.9
7-Apr-85,16.2
8-Apr-85,16
9-Apr-85,15.9
10-Apr-85,16.2
11-Apr-85,16.2
12-Apr-85,19.5
13-Apr-85,18.2
14-Apr-85,21.8
15-Apr-85,15.1
16-Apr-85,11
17-Apr-85,8.1
18-Apr-85,9.5
19-Apr-85,9.3
20-Apr-85,10.6
21-Apr-85,6.3
22-Apr-85,8.6
23-Apr-85,6.8
24-Apr-85,8.7
25-Apr-85,8.4
26-Apr-85,9.3
27-Apr-85,10
28-Apr-85,10.5
29-Apr-85,12
30-Apr-85,10.1
1-May-85,9.4
2-May-85,10.1
3-May-85,8
4-May-85,10.6
5-May-85,13.6
6-May-85,15.4
7-May-85,9
8-May-85,10.4
9-May-85,11
10-May-85,12.1
11-May-85,13.4
12-May-85,11.3
13-May-85,6.7
14-May-85,9.8
15-May-85,10.8
16-May-85,7.8
17-May-85,4.5
18-May-85,7.6
19-May-85,6.9
20-May-85,7.5
21-May-85,8.5
22-May-85,5.5
23-May-85,9.5
24-May-85,7.3
25-May-85,5.4
26-May-85,5.5
27-May-85,8.1
28-May-85,11.2
29-May-85,13.4
30-May-85,11.6
31-May-85,10.1
1-Jun-85,4.3
2-Jun-85,5.5
3-Jun-85,4.4
4-Jun-85,5.9
5-Jun-85,5.7
6-Jun-85,8.2
7-Jun-85,8.2
8-Jun-85,4.2
9-Jun-85,6.5
10-Jun-85,10
11-Jun-85,8.8
12-Jun-85,6.6
13-Jun-85,7.8
14-Jun-85,10.1
15-Jun-85,7.1
16-Jun-85,7.7
17-Jun-85,8.5
18-Jun-85,7.3
19-Jun-85,6.9
20-Jun-85,8.4
21-Jun-85,7.1
22-Jun-85,6.3
23-Jun-85,0.6
24-Jun-85,1.6
25-Jun-85,7
26-Jun-85,8.3
27-Jun-85,8
28-Jun-85,10.2
29-Jun-85,10.6
30-Jun-85,10.4
1-Jul-85,11.6
2-Jul-85,11
3-Jul-85,10.7
4-Jul-85,7.3
5-Jul-85,4.2
6-Jul-85,4.7
7-Jul-85,5.6
8-Jul-85,7.7
9-Jul-85,7.5
10-Jul-85,4.9
11-Jul-85,5.9
12-Jul-85,7.8
13-Jul-85,5.8
14-Jul-85,7
15-Jul-85,8.4
16-Jul-85,6.2
17-Jul-85,7.5
18-Jul-85,4.8
19-Jul-85,3.3
20-Jul-85,3.2
21-Jul-85,7
22-Jul-85,8.4
23-Jul-85,0.3
24-Jul-85,0.3
25-Jul-85,2.1
26-Jul-85,8.5
27-Jul-85,1.4
28-Jul-85,4.1
29-Jul-85,10.3
30-Jul-85,6.6
31-Jul-85,6.1
1-Aug-85,7
2-Aug-85,5.1
3-Aug-85,6.3
4-Aug-85,6.9
5-Aug-85,11.4
6-Aug-85,10.4
7-Aug-85,10.3
8-Aug-85,9.2
9-Aug-85,7.2
10-Aug-85,7.5
11-Aug-85,4
12-Aug-85,5.6
13-Aug-85,6.7
14-Aug-85,8.4
15-Aug-85,11
16-Aug-85,8.4
17-Aug-85,8.8
18-Aug-85,8.6
19-Aug-85,8.3
20-Aug-85,4
21-Aug-85,3.6
22-Aug-85,5.7
23-Aug-85,10.6
24-Aug-85,6.9
25-Aug-85,10
26-Aug-85,9.8
27-Aug-85,7.2
28-Aug-85,10.5
29-Aug-85,3.6
30-Aug-85,5.3
31-Aug-85,8.4
1-Sep-85,10.3
2-Sep-85,7.9
3-Sep-85,8.5
4-Sep-85,7.9
5-Sep-85,8
6-Sep-85,9.8
7-Sep-85,6.7
8-Sep-85,4.8
9-Sep-85,9.9
10-Sep-85,12.8
11-Sep-85,10.9
12-Sep-85,11.7
13-Sep-85,11.7
14-Sep-85,11
15-Sep-85,8.2
16-Sep-85,7.5
17-Sep-85,5.4
18-Sep-85,7.2
19-Sep-85,9.7
20-Sep-85,8.4
21-Sep-85,9
22-Sep-85,8.7
23-Sep-85,6.6
24-Sep-85,11.6
25-Sep-85,13.1
26-Sep-85,6.7
27-Sep-85,6.5
28-Sep-85,7.7
29-Sep-85,8.7
30-Sep-85,7.2
1-Oct-85,10.5
2-Oct-85,8.6
3-Oct-85,7.2
4-Oct-85,11.4
5-Oct-85,16.2
6-Oct-85,6.1
7-Oct-85,9.6
8-Oct-85,11.1
9-Oct-85,13.6
10-Oct-85,10.7
11-Oct-85,14.7
12-Oct-85,11.6
13-Oct-85,7.3
14-Oct-85,8
15-Oct-85,9.6
16-Oct-85,16
17-Oct-85,15.1
18-Oct-85,12.8
19-Oct-85,6.2
20-Oct-85,7.1
21-Oct-85,8.4
22-Oct-85,10
23-Oct-85,12.7
24-Oct-85,10
25-Oct-85,10.2
26-Oct-85,6.5
27-Oct-85,9.2
28-Oct-85,11.9
29-Oct-85,14.7
30-Oct-85,11.4
31-Oct-85,6.8
1-Nov-85,7.4
2-Nov-85,11.2
3-Nov-85,9.2
4-Nov-85,12.6
5-Nov-85,16
6-Nov-85,17.1
7-Nov-85,15.3
8-Nov-85,13.3
9-Nov-85,15.4
10-Nov-85,13.2
11-Nov-85,14.4
12-Nov-85,14
13-Nov-85,15.5
14-Nov-85,21
15-Nov-85,10
16-Nov-85,9.6
17-Nov-85,12
18-Nov-85,12.2
19-Nov-85,11.3
20-Nov-85,13.2
21-Nov-85,10.5
22-Nov-85,10.1
23-Nov-85,8.8
24-Nov-85,13.7
25-Nov-85,16.2
26-Nov-85,16
27-Nov-85,14
28-Nov-85,13.7
29-Nov-85,12.5
30-Nov-85,12.8
1-Dec-85,12.3
2-Dec-85,15.2
3-Dec-85,15
4-Dec-85,16.4
5-Dec-85,16.1
6-Dec-85,14.6
7-Dec-85,18.2
8-Dec-85,16.4
9-Dec-85,16.6
10-Dec-85,14.7
11-Dec-85,15.8
12-Dec-85,14.1
13-Dec-85,13.5
14-Dec-85,13.6
15-Dec-85,13.7
16-Dec-85,13.6
17-Dec-85,12.1
18-Dec-85,12.7
19-Dec-85,13.3
20-Dec-85,14.2
21-Dec-85,15
22-Dec-85,13.7
23-Dec-85,12
24-Dec-85,13.1
25-Dec-85,13.2
26-Dec-85,13.3
27-Dec-85,11.5
28-Dec-85,10.8
29-Dec-85,12
30-Dec-85,16.3
31-Dec-85,14.4
1-Jan-86,12.9
2-Jan-86,13.8
3-Jan-86,10.6
4-Jan-86,12.6
5-Jan-86,13.7
6-Jan-86,12.6
7-Jan-86,13.1
8-Jan-86,15.4
9-Jan-86,11.9
10-Jan-86,13.8
11-Jan-86,14.4
12-Jan-86,15.2
13-Jan-86,12.5
14-Jan-86,12.2
15-Jan-86,16.1
16-Jan-86,14.6
17-Jan-86,11.6
18-Jan-86,13.1
19-Jan-86,12.8
20-Jan-86,15.2
21-Jan-86,13.8
22-Jan-86,15
23-Jan-86,13.5
24-Jan-86,11.8
25-Jan-86,15.3
26-Jan-86,13.5
27-Jan-86,15.3
28-Jan-86,13.8
29-Jan-86,15.8
30-Jan-86,17.4
31-Jan-86,15.3
1-Feb-86,14.6
2-Feb-86,14.8
3-Feb-86,10.7
4-Feb-86,11.6
5-Feb-86,13.6
6-Feb-86,14.4
7-Feb-86,11.8
8-Feb-86,15.8
9-Feb-86,16
10-Feb-86,11.8
11-Feb-86,14.5
12-Feb-86,10.7
13-Feb-86,14.2
14-Feb-86,19.5
15-Feb-86,21.4
16-Feb-86,17.9
17-Feb-86,17.4
18-Feb-86,12.7
19-Feb-86,13.8
20-Feb-86,14
21-Feb-86,15
22-Feb-86,14.5
23-Feb-86,13.1
24-Feb-86,11.4
25-Feb-86,12.5
26-Feb-86,12
27-Feb-86,13.4
28-Feb-86,14.4
1-Mar-86,17.7
2-Mar-86,13.9
3-Mar-86,13.3
4-Mar-86,14.6
5-Mar-86,16.4
6-Mar-86,16.8
7-Mar-86,20
8-Mar-86,12.5
9-Mar-86,12.7
10-Mar-86,11.7
11-Mar-86,12.7
12-Mar-86,8.6
13-Mar-86,11.9
14-Mar-86,16
15-Mar-86,15.2
16-Mar-86,13.4
17-Mar-86,11.6
18-Mar-86,11.1
19-Mar-86,15.6
20-Mar-86,17
21-Mar-86,18.5
22-Mar-86,17.4
23-Mar-86,16.5
24-Mar-86,16.2
25-Mar-86,16.1
26-Mar-86,13.2
27-Mar-86,18
28-Mar-86,12.8
29-Mar-86,11.7
30-Mar-86,16.7
31-Mar-86,15.6
1-Apr-86,10.2
2-Apr-86,10.3
3-Apr-86,15
4-Apr-86,18
5-Apr-86,13.8
6-Apr-86,10.5
7-Apr-86,11.8
8-Apr-86,7.2
9-Apr-86,11.6
10-Apr-86,7.4
11-Apr-86,14.2
12-Apr-86,12.2
13-Apr-86,9
14-Apr-86,12.3
15-Apr-86,19.7
16-Apr-86,12.8
17-Apr-86,12.4
18-Apr-86,12
19-Apr-86,12
20-Apr-86,11.1
21-Apr-86,12.7
22-Apr-86,14.2
23-Apr-86,11.6
24-Apr-86,12
25-Apr-86,11.5
26-Apr-86,8.3
27-Apr-86,10.5
28-Apr-86,9
29-Apr-86,6.9
30-Apr-86,9.4
1-May-86,11.1
2-May-86,9.1
3-May-86,7.7
4-May-86,10
5-May-86,10.4
6-May-86,8
7-May-86,9.8
8-May-86,12.4
9-May-86,12.9
10-May-86,12.3
11-May-86,6.9
12-May-86,10.5
13-May-86,11
14-May-86,9.7
15-May-86,11.1
16-May-86,11.5
17-May-86,13.4
18-May-86,10.9
19-May-86,12
20-May-86,12.1
21-May-86,10.4
22-May-86,10
23-May-86,9.6
24-May-86,11.3
25-May-86,8.5
26-May-86,6.3
27-May-86,8.2
28-May-86,10.7
29-May-86,10.3
30-May-86,9.5
31-May-86,10.9
1-Jun-86,10.9
2-Jun-86,4.3
3-Jun-86,5.2
4-Jun-86,11
5-Jun-86,11.6
6-Jun-86,10.6
7-Jun-86,9.4
8-Jun-86,10
9-Jun-86,9.6
10-Jun-86,9.5
11-Jun-86,9.7
12-Jun-86,9.6
13-Jun-86,7
14-Jun-86,7
15-Jun-86,6.8
16-Jun-86,6.9
17-Jun-86,8
18-Jun-86,7.6
19-Jun-86,8.6
20-Jun-86,5.7
21-Jun-86,5.5
22-Jun-86,5.7
23-Jun-86,5.7
24-Jun-86,6.6
25-Jun-86,6
26-Jun-86,6.9
27-Jun-86,7.7
28-Jun-86,8
29-Jun-86,3.9
30-Jun-86,0.8
1-Jul-86,2.8
2-Jul-86,8
3-Jul-86,9.8
4-Jul-86,11.4
5-Jul-86,8.6
6-Jul-86,5.2
7-Jul-86,6.6
8-Jul-86,5.7
9-Jul-86,4.6
10-Jul-86,5.8
11-Jul-86,7
12-Jul-86,4.8
13-Jul-86,4.4
14-Jul-86,4.4
15-Jul-86,7.9
16-Jul-86,10.6
17-Jul-86,5
18-Jul-86,7.6
19-Jul-86,9.2
20-Jul-86,9.7
21-Jul-86,8.8
22-Jul-86,6.8
23-Jul-86,9.4
24-Jul-86,11
25-Jul-86,2.5
26-Jul-86,2.1
27-Jul-86,5.4
28-Jul-86,6.2
29-Jul-86,7.8
30-Jul-86,7.4
31-Jul-86,9.3
1-Aug-86,9.3
2-Aug-86,9.5
3-Aug-86,8.5
4-Aug-86,10
5-Aug-86,7.7
6-Aug-86,9.3
7-Aug-86,9.1
8-Aug-86,3.5
9-Aug-86,3.6
10-Aug-86,2.5
11-Aug-86,1.7
12-Aug-86,2.7
13-Aug-86,2.9
14-Aug-86,5.3
15-Aug-86,7.7
16-Aug-86,9.1
17-Aug-86,9.4
18-Aug-86,7.3
19-Aug-86,8.4
20-Aug-86,9.2
21-Aug-86,6.6
22-Aug-86,9.7
23-Aug-86,12.4
24-Aug-86,10.2
25-Aug-86,5.9
26-Aug-86,7.1
27-Aug-86,7.5
28-Aug-86,9.7
29-Aug-86,12.2
30-Aug-86,5.6
31-Aug-86,5.4
1-Sep-86,8.3
2-Sep-86,10.6
3-Sep-86,9.1
4-Sep-86,11.3
5-Sep-86,10.9
6-Sep-86,8.9
7-Sep-86,6.3
8-Sep-86,9
9-Sep-86,6.1
10-Sep-86,9.1
11-Sep-86,9.6
12-Sep-86,6
13-Sep-86,10
14-Sep-86,11
15-Sep-86,6.2
16-Sep-86,8.3
17-Sep-86,11.3
18-Sep-86,11.3
19-Sep-86,6.7
20-Sep-86,6.6
21-Sep-86,11.4
22-Sep-86,6.9
23-Sep-86,10.6
24-Sep-86,8.6
25-Sep-86,11.3
26-Sep-86,12.5
27-Sep-86,9.9
28-Sep-86,6.9
29-Sep-86,5.5
30-Sep-86,7.8
1-Oct-86,11
2-Oct-86,16.2
3-Oct-86,9.9
4-Oct-86,8.7
5-Oct-86,10.5
6-Oct-86,12.2
7-Oct-86,10.6
8-Oct-86,8.3
9-Oct-86,5.5
10-Oct-86,9
11-Oct-86,6.4
12-Oct-86,7.2
13-Oct-86,12.9
14-Oct-86,12
15-Oct-86,7.3
16-Oct-86,9.7
17-Oct-86,8.4
18-Oct-86,14.7
19-Oct-86,9.5
20-Oct-86,7.9
21-Oct-86,6.8
22-Oct-86,12.6
23-Oct-86,5.2
24-Oct-86,7.5
25-Oct-86,8.7
26-Oct-86,7.6
27-Oct-86,9
28-Oct-86,7.2
29-Oct-86,10.7
30-Oct-86,13.1
31-Oct-86,13.9
1-Nov-86,10.8
2-Nov-86,10.4
3-Nov-86,9.1
4-Nov-86,16
5-Nov-86,21
6-Nov-86,16.2
7-Nov-86,8.6
8-Nov-86,9.2
9-Nov-86,12.5
10-Nov-86,9.7
11-Nov-86,12.5
12-Nov-86,10.3
13-Nov-86,12
14-Nov-86,11
15-Nov-86,14.8
16-Nov-86,15
17-Nov-86,15.3
18-Nov-86,10.3
19-Nov-86,10.7
20-Nov-86,10.5
21-Nov-86,8.9
22-Nov-86,8.1
23-Nov-86,11.5
24-Nov-86,12.8
25-Nov-86,9.1
26-Nov-86,14.6
27-Nov-86,11.6
28-Nov-86,11.2
29-Nov-86,12.6
30-Nov-86,7.5
1-Dec-86,11
2-Dec-86,14.5
3-Dec-86,18.5
4-Dec-86,15.4
5-Dec-86,13.1
6-Dec-86,16.3
7-Dec-86,20.2
8-Dec-86,11.5
9-Dec-86,12.4
10-Dec-86,10.9
11-Dec-86,12.7
12-Dec-86,12.2
13-Dec-86,12.4
14-Dec-86,9.8
15-Dec-86,8.5
16-Dec-86,14.7
17-Dec-86,12
18-Dec-86,10.3
19-Dec-86,11
20-Dec-86,10.2
21-Dec-86,12.6
22-Dec-86,11.6
23-Dec-86,9.7
24-Dec-86,13.4
25-Dec-86,10.5
26-Dec-86,14.7
27-Dec-86,14.6
28-Dec-86,14.2
29-Dec-86,13.2
30-Dec-86,11.7
31-Dec-86,17.2
1-Jan-87,12.3
2-Jan-87,13.8
3-Jan-87,15.3
4-Jan-87,15.6
5-Jan-87,16.2
6-Jan-87,16.3
7-Jan-87,16.8
8-Jan-87,11
9-Jan-87,8.5
10-Jan-87,13.2
11-Jan-87,13
12-Jan-87,12.4
13-Jan-87,13
14-Jan-87,16.6
15-Jan-87,12
16-Jan-87,12.4
17-Jan-87,15
18-Jan-87,11.8
19-Jan-87,11.6
20-Jan-87,12.2
21-Jan-87,13.7
22-Jan-87,11.2
23-Jan-87,12.4
24-Jan-87,11.5
25-Jan-87,13.8
26-Jan-87,15.7
27-Jan-87,12.9
28-Jan-87,11.5
29-Jan-87,11
30-Jan-87,12.7
31-Jan-87,14.9
1-Feb-87,16.5
2-Feb-87,12.8
3-Feb-87,12.7
4-Feb-87,12.7
5-Feb-87,11.6
6-Feb-87,13.3
7-Feb-87,15.2
8-Feb-87,16.4
9-Feb-87,11.9
10-Feb-87,15.1
11-Feb-87,10.6
12-Feb-87,13.6
13-Feb-87,12.1
14-Feb-87,16
15-Feb-87,16.8
16-Feb-87,16.6
17-Feb-87,15.6
18-Feb-87,15.2
19-Feb-87,17.7
20-Feb-87,21
21-Feb-87,13.4
22-Feb-87,10.5
23-Feb-87,9.5
24-Feb-87,12
25-Feb-87,10.4
26-Feb-87,11.5
27-Feb-87,13.2
28-Feb-87,15
1-Mar-87,14.1
2-Mar-87,12.4
3-Mar-87,13.4
4-Mar-87,12.5
5-Mar-87,14.3
6-Mar-87,17.6
7-Mar-87,10.4
8-Mar-87,9.9
9-Mar-87,10.2
10-Mar-87,11.3
11-Mar-87,9.5
12-Mar-87,11.8
13-Mar-87,11.5
14-Mar-87,10.5
15-Mar-87,10.8
16-Mar-87,13
17-Mar-87,18.5
18-Mar-87,18.7
19-Mar-87,15
20-Mar-87,13
21-Mar-87,11.3
22-Mar-87,13
23-Mar-87,13.3
24-Mar-87,11
25-Mar-87,10.3
26-Mar-87,13
27-Mar-87,12.3
28-Mar-87,15.6
29-Mar-87,10.2
30-Mar-87,10.8
31-Mar-87,12
1-Apr-87,13.3
2-Apr-87,11.7
3-Apr-87,12.5
4-Apr-87,13.7
5-Apr-87,14.9
6-Apr-87,20.2
7-Apr-87,16.3
8-Apr-87,13.9
9-Apr-87,10.1
10-Apr-87,7.3
11-Apr-87,14
12-Apr-87,17.7
13-Apr-87,16.3
14-Apr-87,10.6
15-Apr-87,9.7
16-Apr-87,7.8
17-Apr-87,10.4
18-Apr-87,10.4
19-Apr-87,14.1
20-Apr-87,7.1
21-Apr-87,8.1
22-Apr-87,7.8
23-Apr-87,10.6
24-Apr-87,9.1
25-Apr-87,9
26-Apr-87,11.9
27-Apr-87,17.1
28-Apr-87,16.8
29-Apr-87,13.5
30-Apr-87,11.6
1-May-87,7
2-May-87,9.7
3-May-87,9.9
4-May-87,11.2
5-May-87,11.3
6-May-87,11.8
7-May-87,9.9
8-May-87,7.1
9-May-87,9.6
10-May-87,9.8
11-May-87,10.6
12-May-87,12.8
13-May-87,16.5
14-May-87,11.7
15-May-87,12.3
16-May-87,12.2
17-May-87,11.8
18-May-87,10.7
19-May-87,10.2
20-May-87,10
21-May-87,8.3
22-May-87,6.6
23-May-87,9.5
24-May-87,12.3
25-May-87,7.6
26-May-87,9.3
27-May-87,5
28-May-87,4.3
29-May-87,6.4
30-May-87,10.8
31-May-87,7.8
1-Jun-87,8.5
2-Jun-87,9.7
3-Jun-87,10
4-Jun-87,11
5-Jun-87,10.2
6-Jun-87,6.6
7-Jun-87,6.1
8-Jun-87,5.9
9-Jun-87,8.9
10-Jun-87,13
11-Jun-87,12.6
12-Jun-87,5.4
13-Jun-87,6
14-Jun-87,7.8
15-Jun-87,9
16-Jun-87,4.2
17-Jun-87,3
18-Jun-87,4.5
19-Jun-87,6.2
20-Jun-87,11.9
21-Jun-87,11.8
22-Jun-87,9.4
23-Jun-87,9.6
24-Jun-87,9.4
25-Jun-87,7
26-Jun-87,8.9
27-Jun-87,9.3
28-Jun-87,6.8
29-Jun-87,7.5
30-Jun-87,8
1-Jul-87,8.3
2-Jul-87,2.7
3-Jul-87,3.9
4-Jul-87,4.1
5-Jul-87,5
6-Jul-87,5.8
7-Jul-87,4.4
8-Jul-87,4.1
9-Jul-87,5.8
10-Jul-87,9.1
11-Jul-87,7.9
12-Jul-87,5
13-Jul-87,2.8
14-Jul-87,4.7
15-Jul-87,8.9
16-Jul-87,5.4
17-Jul-87,7.1
18-Jul-87,9
19-Jul-87,9.4
20-Jul-87,6.3
21-Jul-87,7
22-Jul-87,6.4
23-Jul-87,6.7
24-Jul-87,1.5
25-Jul-87,2.9
26-Jul-87,4.8
27-Jul-87,6.3
28-Jul-87,5.7
29-Jul-87,7
30-Jul-87,8.8
31-Jul-87,8.7
1-Aug-87,9
2-Aug-87,9.6
3-Aug-87,8
4-Aug-87,8.4
5-Aug-87,8.1
6-Aug-87,9
7-Aug-87,5.3
8-Aug-87,8.9
9-Aug-87,8.7
10-Aug-87,4.9
11-Aug-87,7
12-Aug-87,7.5
13-Aug-87,7
14-Aug-87,9.1
15-Aug-87,11.8
16-Aug-87,9.9
17-Aug-87,5.6
18-Aug-87,4.2
19-Aug-87,4.3
20-Aug-87,8
21-Aug-87,5.1
22-Aug-87,9.4
23-Aug-87,9.1
24-Aug-87,9.7
25-Aug-87,10.6
26-Aug-87,8.6
27-Aug-87,10.1
28-Aug-87,11
29-Aug-87,9.7
30-Aug-87,5
31-Aug-87,6.1
1-Sep-87,5.4
2-Sep-87,5.8
3-Sep-87,7.3
4-Sep-87,6.3
5-Sep-87,4.8
6-Sep-87,7.6
7-Sep-87,8.1
8-Sep-87,9.5
9-Sep-87,10.3
10-Sep-87,7
11-Sep-87,9
12-Sep-87,10.2
13-Sep-87,6.8
14-Sep-87,9.3
15-Sep-87,9.8
16-Sep-87,10.7
17-Sep-87,7.8
18-Sep-87,9.2
19-Sep-87,15
20-Sep-87,7.8
21-Sep-87,5.3
22-Sep-87,9.5
23-Sep-87,7.6
24-Sep-87,14
25-Sep-87,14.9
26-Sep-87,14.9
27-Sep-87,19.2
28-Sep-87,17
29-Sep-87,13
30-Sep-87,11.2
1-Oct-87,9.5
2-Oct-87,10.3
3-Oct-87,9.3
4-Oct-87,11.3
5-Oct-87,6.5
6-Oct-87,12
7-Oct-87,8.3
8-Oct-87,8.7
9-Oct-87,8.7
10-Oct-87,10.2
11-Oct-87,6.9
12-Oct-87,4.9
13-Oct-87,10
14-Oct-87,7.6
15-Oct-87,14.5
16-Oct-87,13.2
17-Oct-87,9.9
18-Oct-87,10.1
19-Oct-87,11.3
20-Oct-87,10.4
21-Oct-87,10.9
22-Oct-87,9.2
23-Oct-87,10.5
24-Oct-87,11.4
25-Oct-87,13.5
26-Oct-87,9.8
27-Oct-87,13.1
28-Oct-87,9.7
29-Oct-87,11.4
30-Oct-87,9.9
31-Oct-87,14.4
1-Nov-87,19
2-Nov-87,23
3-Nov-87,15.4
4-Nov-87,9.6
5-Nov-87,10.8
6-Nov-87,12.1
7-Nov-87,11
8-Nov-87,12.6
9-Nov-87,14.7
10-Nov-87,11.1
11-Nov-87,10.1
12-Nov-87,11.4
13-Nov-87,13
14-Nov-87,11.9
15-Nov-87,9.5
16-Nov-87,13.5
17-Nov-87,15.2
18-Nov-87,18.4
19-Nov-87,24.1
20-Nov-87,14.1
21-Nov-87,10.7
22-Nov-87,8.7
23-Nov-87,13.3
24-Nov-87,11.6
25-Nov-87,9.9
26-Nov-87,10.8
27-Nov-87,11.5
28-Nov-87,10
29-Nov-87,13.9
30-Nov-87,13.6
1-Dec-87,11.9
2-Dec-87,11.1
3-Dec-87,8.2
4-Dec-87,9.4
5-Dec-87,12.7
6-Dec-87,11.6
7-Dec-87,11
8-Dec-87,11.3
9-Dec-87,13.4
10-Dec-87,14.9
11-Dec-87,15.2
12-Dec-87,13.9
13-Dec-87,15
14-Dec-87,16.2
15-Dec-87,17.7
16-Dec-87,20.5
17-Dec-87,14.7
18-Dec-87,12.5
19-Dec-87,10.9
20-Dec-87,12.8
21-Dec-87,12.7
22-Dec-87,11.2
23-Dec-87,11.4
24-Dec-87,11.2
25-Dec-87,12.1
26-Dec-87,12.7
27-Dec-87,16.2
28-Dec-87,14.2
29-Dec-87,14.3
30-Dec-87,13.3
31-Dec-87,16.7
1-Jan-88,15.3
2-Jan-88,14.3
3-Jan-88,13.5
4-Jan-88,15
5-Jan-88,13.6
6-Jan-88,15.2
7-Jan-88,17
8-Jan-88,18.7
9-Jan-88,16.5
10-Jan-88,17.4
11-Jan-88,18.3
12-Jan-88,18.3
13-Jan-88,22.4
14-Jan-88,21.4
15-Jan-88,20.9
16-Jan-88,17.6
17-Jan-88,15.5
18-Jan-88,16.6
19-Jan-88,16.2
20-Jan-88,15.6
21-Jan-88,14.5
22-Jan-88,14
23-Jan-88,15.6
24-Jan-88,12.3
25-Jan-88,11.6
26-Jan-88,12.6
27-Jan-88,14.9
28-Jan-88,17.3
29-Jan-88,21.4
30-Jan-88,23.4
31-Jan-88,14.4
1-Feb-88,14.1
2-Feb-88,15
3-Feb-88,14.5
4-Feb-88,15.1
5-Feb-88,13.9
6-Feb-88,13.4
7-Feb-88,9.2
8-Feb-88,12.5
9-Feb-88,15.1
10-Feb-88,12.1
11-Feb-88,14.5
12-Feb-88,16.3
13-Feb-88,16.5
14-Feb-88,14.9
15-Feb-88,13.2
16-Feb-88,11.8
17-Feb-88,13.6
18-Feb-88,16.2
19-Feb-88,14.1
20-Feb-88,13.5
21-Feb-88,15
22-Feb-88,14.8
23-Feb-88,16.2
24-Feb-88,16.2
25-Feb-88,13.3
26-Feb-88,15.3
27-Feb-88,18.4
28-Feb-88,16.2
29-Feb-88,16.3
1-Mar-88,12.4
2-Mar-88,15.6
3-Mar-88,14.9
4-Mar-88,14.8
5-Mar-88,12.7
6-Mar-88,14.2
7-Mar-88,16.8
8-Mar-88,16.7
9-Mar-88,16.2
10-Mar-88,14.5
11-Mar-88,10
12-Mar-88,12.6
13-Mar-88,11.9
14-Mar-88,11.8
15-Mar-88,13.4
16-Mar-88,14.5
17-Mar-88,15.7
18-Mar-88,15.3
19-Mar-88,13.9
20-Mar-88,13.7
21-Mar-88,15.1
22-Mar-88,15.6
23-Mar-88,14.4
24-Mar-88,13.9
25-Mar-88,16.2
26-Mar-88,16.7
27-Mar-88,15.5
28-Mar-88,16.4
29-Mar-88,17.5
30-Mar-88,18.2
31-Mar-88,16.1
1-Apr-88,16.5
2-Apr-88,14.6
3-Apr-88,16.4
4-Apr-88,13.6
5-Apr-88,15.9
6-Apr-88,11.9
7-Apr-88,14.7
8-Apr-88,9.4
9-Apr-88,6.6
10-Apr-88,7.9
11-Apr-88,11
12-Apr-88,15.7
13-Apr-88,15.2
14-Apr-88,15.9
15-Apr-88,10.6
16-Apr-88,8.3
17-Apr-88,8.6
18-Apr-88,12.7
19-Apr-88,10.5
20-Apr-88,12
21-Apr-88,11.1
22-Apr-88,13
23-Apr-88,12.4
24-Apr-88,13.3
25-Apr-88,15.9
26-Apr-88,12
27-Apr-88,13.7
28-Apr-88,17.6
29-Apr-88,14.3
30-Apr-88,13.7
1-May-88,15.2
2-May-88,14.5
3-May-88,14.9
4-May-88,15.5
5-May-88,16.4
6-May-88,14.5
7-May-88,12.6
8-May-88,13.6
9-May-88,11.2
10-May-88,11
11-May-88,12
12-May-88,6.8
13-May-88,10.6
14-May-88,13.1
15-May-88,13.5
16-May-88,11.7
17-May-88,13.2
18-May-88,12
19-May-88,10.4
20-May-88,10
21-May-88,8.2
22-May-88,9.4
23-May-88,10.3
24-May-88,8.1
25-May-88,8.7
26-May-88,12.6
27-May-88,10.9
28-May-88,8.7
29-May-88,9.3
30-May-88,6.3
31-May-88,7.8
1-Jun-88,10
2-Jun-88,11
3-Jun-88,11.1
4-Jun-88,12.6
5-Jun-88,10.2
6-Jun-88,11.1
7-Jun-88,8.7
8-Jun-88,9.5
9-Jun-88,9.7
10-Jun-88,8.2
11-Jun-88,5
12-Jun-88,6.5
13-Jun-88,12.1
14-Jun-88,8.9
15-Jun-88,6.1
16-Jun-88,2.8
17-Jun-88,3.7
18-Jun-88,6.8
19-Jun-88,6.6
20-Jun-88,7
21-Jun-88,7.3
22-Jun-88,7.9
23-Jun-88,10.6
24-Jun-88,8.1
25-Jun-88,6.7
26-Jun-88,8
27-Jun-88,10
28-Jun-88,6.7
29-Jun-88,9.4
30-Jun-88,9.3
1-Jul-88,6
2-Jul-88,5.8
3-Jul-88,4.9
4-Jul-88,5
5-Jul-88,8.4
6-Jul-88,12.3
7-Jul-88,13
8-Jul-88,11.4
9-Jul-88,6.8
10-Jul-88,7.6
11-Jul-88,12.4
12-Jul-88,7.1
13-Jul-88,7.5
14-Jul-88,10
15-Jul-88,5.3
16-Jul-88,6.3
17-Jul-88,8
18-Jul-88,8.3
19-Jul-88,9.3
20-Jul-88,9.5
21-Jul-88,5.6
22-Jul-88,7
23-Jul-88,8.5
24-Jul-88,8.5
25-Jul-88,8.2
26-Jul-88,8.5
27-Jul-88,9.6
28-Jul-88,9.7
29-Jul-88,7.1
30-Jul-88,8.4
31-Jul-88,9.2
1-Aug-88,9.8
2-Aug-88,8.1
3-Aug-88,9.4
4-Aug-88,10
5-Aug-88,5.1
6-Aug-88,6.7
7-Aug-88,6.9
8-Aug-88,6.8
9-Aug-88,8.6
10-Aug-88,9.1
11-Aug-88,3.9
12-Aug-88,4.8
13-Aug-88,8.4
14-Aug-88,11.6
15-Aug-88,12.1
16-Aug-88,12.4
17-Aug-88,10
18-Aug-88,10.1
19-Aug-88,9.7
20-Aug-88,11.7
21-Aug-88,7.9
22-Aug-88,8.6
23-Aug-88,7.7
24-Aug-88,5.8
25-Aug-88,8.7
26-Aug-88,10.6
27-Aug-88,6.7
28-Aug-88,8.8
29-Aug-88,9.7
30-Aug-88,9
31-Aug-88,11.8
1-Sep-88,15.2
2-Sep-88,10
3-Sep-88,10.5
4-Sep-88,5.5
5-Sep-88,9.4
6-Sep-88,8.8
7-Sep-88,5.3
8-Sep-88,13
9-Sep-88,15.2
10-Sep-88,13.2
11-Sep-88,11.5
12-Sep-88,6.8
13-Sep-88,4.7
14-Sep-88,5.2
15-Sep-88,6.8
16-Sep-88,10.7
17-Sep-88,10.1
18-Sep-88,10
19-Sep-88,9.8
20-Sep-88,5.5
21-Sep-88,13.5
22-Sep-88,16.6
23-Sep-88,8.4
24-Sep-88,8.2
25-Sep-88,11.1
26-Sep-88,10.8
27-Sep-88,8.8
28-Sep-88,10.8
29-Sep-88,8.7
30-Sep-88,12.4
1-Oct-88,9
2-Oct-88,13.5
3-Oct-88,14.7
4-Oct-88,10.9
5-Oct-88,8.5
6-Oct-88,6
7-Oct-88,12.7
8-Oct-88,11.1
9-Oct-88,8.7
10-Oct-88,12.3
11-Oct-88,13.3
12-Oct-88,5.6
13-Oct-88,13.7
14-Oct-88,8.5
15-Oct-88,11.2
16-Oct-88,8.7
17-Oct-88,11.7
18-Oct-88,12.5
19-Oct-88,8.2
20-Oct-88,15.6
21-Oct-88,10.3
22-Oct-88,11.4
23-Oct-88,9.7
24-Oct-88,6.3
25-Oct-88,14.3
26-Oct-88,11.3
27-Oct-88,7.3
28-Oct-88,12.8
29-Oct-88,11.9
30-Oct-88,14.3
31-Oct-88,11.6
1-Nov-88,13.2
2-Nov-88,15.5
3-Nov-88,14.1
4-Nov-88,9.5
5-Nov-88,7.2
6-Nov-88,11.8
7-Nov-88,16.8
8-Nov-88,12.5
9-Nov-88,9.4
10-Nov-88,11.9
11-Nov-88,10.3
12-Nov-88,16.9
13-Nov-88,17.5
14-Nov-88,7.5
15-Nov-88,8.6
16-Nov-88,11.1
17-Nov-88,11.5
18-Nov-88,10.7
19-Nov-88,15.7
20-Nov-88,12.8
21-Nov-88,13
22-Nov-88,12.9
23-Nov-88,14.3
24-Nov-88,13.7
25-Nov-88,12.1
26-Nov-88,11.9
27-Nov-88,11.8
28-Nov-88,11.4
29-Nov-88,10.3
30-Nov-88,11.7
1-Dec-88,12
2-Dec-88,17.4
3-Dec-88,16.8
4-Dec-88,16.2
5-Dec-88,13
6-Dec-88,12.5
7-Dec-88,12.4
8-Dec-88,16.1
9-Dec-88,20.2
10-Dec-88,14.3
11-Dec-88,11
12-Dec-88,14.4
13-Dec-88,15.7
14-Dec-88,19.7
15-Dec-88,20.7
16-Dec-88,23.9
17-Dec-88,16.6
18-Dec-88,17.5
19-Dec-88,14.9
20-Dec-88,13.6
21-Dec-88,11.9
22-Dec-88,15.2
23-Dec-88,17.3
24-Dec-88,19.8
25-Dec-88,15.8
26-Dec-88,9.5
27-Dec-88,12.9
28-Dec-88,12.9
29-Dec-88,14.8
30-Dec-88,14.1
1-Jan-89,14.3
2-Jan-89,17.4
3-Jan-89,18.5
4-Jan-89,16.8
5-Jan-89,11.5
6-Jan-89,9.5
7-Jan-89,12.2
8-Jan-89,15.7
9-Jan-89,16.3
10-Jan-89,13.6
11-Jan-89,12.6
12-Jan-89,13.8
13-Jan-89,12.1
14-Jan-89,13.4
15-Jan-89,17.3
16-Jan-89,19.4
17-Jan-89,16.6
18-Jan-89,13.9
19-Jan-89,13.1
20-Jan-89,16
21-Jan-89,14.5
22-Jan-89,15
23-Jan-89,12.6
24-Jan-89,12.5
25-Jan-89,15.2
26-Jan-89,16.2
27-Jan-89,16.5
28-Jan-89,20.1
29-Jan-89,20.6
30-Jan-89,16.9
31-Jan-89,16.5
1-Feb-89,16.1
2-Feb-89,14.4
3-Feb-89,16.3
4-Feb-89,15.7
5-Feb-89,14.2
6-Feb-89,13.2
7-Feb-89,16.8
8-Feb-89,18.5
9-Feb-89,16.7
10-Feb-89,15.3
11-Feb-89,15.9
12-Feb-89,15.2
13-Feb-89,17.5
14-Feb-89,18.3
15-Feb-89,19.4
16-Feb-89,19.4
17-Feb-89,19.5
18-Feb-89,20.5
19-Feb-89,15.7
20-Feb-89,15
21-Feb-89,16.1
22-Feb-89,14.3
23-Feb-89,13
24-Feb-89,16.2
25-Feb-89,17.7
26-Feb-89,13.2
27-Feb-89,15.8
28-Feb-89,18.5
1-Mar-89,20.4
2-Mar-89,22
3-Mar-89,19.7
4-Mar-89,19.6
5-Mar-89,20.3
6-Mar-89,18.3
7-Mar-89,18.9
8-Mar-89,20.3
9-Mar-89,21.4
10-Mar-89,18.3
11-Mar-89,17.8
12-Mar-89,17.7
13-Mar-89,12.8
14-Mar-89,15.1
15-Mar-89,15
16-Mar-89,14.8
17-Mar-89,12
18-Mar-89,12.5
19-Mar-89,15
20-Mar-89,17.1
21-Mar-89,17.3
22-Mar-89,16.9
23-Mar-89,16.5
24-Mar-89,13.6
25-Mar-89,13.2
26-Mar-89,9.4
27-Mar-89,9.5
28-Mar-89,11.8
29-Mar-89,10.4
30-Mar-89,9.7
31-Mar-89,12.6
1-Apr-89,13.3
2-Apr-89,15.1
3-Apr-89,14.2
4-Apr-89,14.2
5-Apr-89,19.2
6-Apr-89,12.6
7-Apr-89,14.2
8-Apr-89,11.9
9-Apr-89,13.9
10-Apr-89,13.5
11-Apr-89,15.3
12-Apr-89,13.9
13-Apr-89,14
14-Apr-89,12.9
15-Apr-89,8.5
16-Apr-89,11.4
17-Apr-89,10.9
18-Apr-89,12
19-Apr-89,8.6
20-Apr-89,9
21-Apr-89,9.6
22-Apr-89,10.2
23-Apr-89,9.8
24-Apr-89,8.3
25-Apr-89,11
26-Apr-89,11.9
27-Apr-89,14
28-Apr-89,15.8
29-Apr-89,14.5
30-Apr-89,13.2
1-May-89,14.2
2-May-89,14.6
3-May-89,11.8
4-May-89,14.4
5-May-89,10.4
6-May-89,10.3
7-May-89,10.8
8-May-89,10.5
9-May-89,9.5
10-May-89,12.5
11-May-89,13.7
12-May-89,12.7
13-May-89,11.9
14-May-89,11.4
15-May-89,9.7
16-May-89,8.3
17-May-89,8.1
18-May-89,11.7
19-May-89,11.6
20-May-89,7.4
21-May-89,5.2
22-May-89,11
23-May-89,9.5
24-May-89,9.2
25-May-89,10.7
26-May-89,9
27-May-89,10.2
28-May-89,10.3
29-May-89,12.1
30-May-89,13.2
31-May-89,6.6
1-Jun-89,2.3
2-Jun-89,1.4
3-Jun-89,2.1
4-Jun-89,6.6
5-Jun-89,8.9
6-Jun-89,7.8
7-Jun-89,9
8-Jun-89,10.3
9-Jun-89,7.9
10-Jun-89,7.2
11-Jun-89,8.6
12-Jun-89,8.8
13-Jun-89,6.2
14-Jun-89,9.5
15-Jun-89,10.2
16-Jun-89,9.7
17-Jun-89,11.2
18-Jun-89,10.2
19-Jun-89,10.1
20-Jun-89,8.1
21-Jun-89,6.6
22-Jun-89,5
23-Jun-89,4.7
24-Jun-89,5.3
25-Jun-89,4.5
26-Jun-89,2.3
27-Jun-89,1.4
28-Jun-89,0.5
29-Jun-89,2.4
30-Jun-89,8
1-Jul-89,6
2-Jul-89,7.1
3-Jul-89,9.7
4-Jul-89,6.9
5-Jul-89,5.3
6-Jul-89,7
7-Jul-89,6.2
8-Jul-89,7
9-Jul-89,9.7
10-Jul-89,8
11-Jul-89,8.5
12-Jul-89,7.1
13-Jul-89,7.5
14-Jul-89,3.3
15-Jul-89,1.8
16-Jul-89,2.6
17-Jul-89,5.3
18-Jul-89,5.8
19-Jul-89,5.8
20-Jul-89,7.2
21-Jul-89,5.3
22-Jul-89,1.6
23-Jul-89,3.1
24-Jul-89,5.3
25-Jul-89,7.7
26-Jul-89,4.2
27-Jul-89,5.5
28-Jul-89,9
29-Jul-89,11.2
30-Jul-89,8
31-Jul-89,7.6
1-Aug-89,3.7
2-Aug-89,7.5
3-Aug-89,8.1
4-Aug-89,8.4
5-Aug-89,7.1
6-Aug-89,7.6
7-Aug-89,7.6
8-Aug-89,5.6
9-Aug-89,7
10-Aug-89,10.5
11-Aug-89,7.3
12-Aug-89,7.8
13-Aug-89,5.8
14-Aug-89,3.8
15-Aug-89,5.8
16-Aug-89,6.7
17-Aug-89,6.6
18-Aug-89,6.6
19-Aug-89,9
20-Aug-89,8.1
21-Aug-89,5.1
22-Aug-89,8.6
23-Aug-89,7
24-Aug-89,5.5
25-Aug-89,7.4
26-Aug-89,6.2
27-Aug-89,4.2
28-Aug-89,6.3
29-Aug-89,7
30-Aug-89,4
31-Aug-89,8
1-Sep-89,8.8
2-Sep-89,8.8
3-Sep-89,6.1
4-Sep-89,8.6
5-Sep-89,8.9
6-Sep-89,7.8
7-Sep-89,5
8-Sep-89,7
9-Sep-89,13.3
10-Sep-89,7.9
11-Sep-89,7.5
12-Sep-89,8.3
13-Sep-89,7.2
14-Sep-89,6.5
15-Sep-89,8.9
16-Sep-89,7.4
17-Sep-89,9.9
18-Sep-89,9.3
19-Sep-89,10.6
20-Sep-89,8.6
21-Sep-89,7.2
22-Sep-89,12.6
23-Sep-89,7.8
24-Sep-89,6.3
25-Sep-89,9.2
26-Sep-89,5.8
27-Sep-89,9
28-Sep-89,5
29-Sep-89,11.9
30-Sep-89,13.4
1-Oct-89,10.5
2-Oct-89,6.2
3-Oct-89,5.1
4-Oct-89,9.5
5-Oct-89,11.7
6-Oct-89,9.2
7-Oct-89,7.3
8-Oct-89,9.7
9-Oct-89,9.4
10-Oct-89,10
11-Oct-89,10.9
12-Oct-89,11
13-Oct-89,10.9
14-Oct-89,8
15-Oct-89,11.2
16-Oct-89,7.5
17-Oct-89,7.2
18-Oct-89,13.2
19-Oct-89,12.9
20-Oct-89,9.4
21-Oct-89,10.2
22-Oct-89,9.5
23-Oct-89,12.4
24-Oct-89,10.2
25-Oct-89,13.4
26-Oct-89,11.6
27-Oct-89,8
28-Oct-89,9
29-Oct-89,9.3
30-Oct-89,13.5
31-Oct-89,8
1-Nov-89,8.1
2-Nov-89,10
3-Nov-89,8.5
4-Nov-89,12.5
5-Nov-89,15
6-Nov-89,13.3
7-Nov-89,11
8-Nov-89,11.9
9-Nov-89,8.3
10-Nov-89,9.7
11-Nov-89,11.3
12-Nov-89,12.5
13-Nov-89,9.4
14-Nov-89,11.4
15-Nov-89,13.2
16-Nov-89,13.8
17-Nov-89,16
18-Nov-89,10.9
19-Nov-89,11.9
20-Nov-89,12.4
21-Nov-89,13.2
22-Nov-89,15.5
23-Nov-89,21.6
24-Nov-89,14.9
25-Nov-89,14.4
26-Nov-89,12.9
27-Nov-89,13.1
28-Nov-89,14
29-Nov-89,17.9
30-Nov-89,17.7
1-Dec-89,16.3
2-Dec-89,18.3
3-Dec-89,13.7
4-Dec-89,13.3
5-Dec-89,10.6
6-Dec-89,14.1
7-Dec-89,16
8-Dec-89,16.5
9-Dec-89,14.1
10-Dec-89,18.7
11-Dec-89,16.2
12-Dec-89,14.8
13-Dec-89,12.6
14-Dec-89,10.4
15-Dec-89,12.2
16-Dec-89,12.6
17-Dec-89,12.1
18-Dec-89,17.3
19-Dec-89,16.4
20-Dec-89,12.6
21-Dec-89,12.3
22-Dec-89,11.8
23-Dec-89,12
24-Dec-89,12.7
25-Dec-89,16.4
26-Dec-89,16
27-Dec-89,13.3
28-Dec-89,11.7
29-Dec-89,10.4
30-Dec-89,14.4
31-Dec-89,12.7
1-Jan-90,14.8
2-Jan-90,13.3
3-Jan-90,15.6
4-Jan-90,14.5
5-Jan-90,14.3
6-Jan-90,15.3
7-Jan-90,16.4
8-Jan-90,14.8
9-Jan-90,17.4
10-Jan-90,18.8
11-Jan-90,22.1
12-Jan-90,19
13-Jan-90,15.5
14-Jan-90,15.8
15-Jan-90,14.7
16-Jan-90,10.7
17-Jan-90,11.5
18-Jan-90,15
19-Jan-90,14.5
20-Jan-90,14.5
21-Jan-90,13.3
22-Jan-90,14.3
23-Jan-90,14.3
24-Jan-90,20.5
25-Jan-90,15
26-Jan-90,17.1
27-Jan-90,16.9
28-Jan-90,16.9
29-Jan-90,13.6
30-Jan-90,16.4
31-Jan-90,16.1
1-Feb-90,12
2-Feb-90,12.2
3-Feb-90,14.8
4-Feb-90,14.8
5-Feb-90,14.4
6-Feb-90,12.9
7-Feb-90,13.4
8-Feb-90,15.9
9-Feb-90,16.1
10-Feb-90,17.6
11-Feb-90,15.6
12-Feb-90,15
13-Feb-90,13
14-Feb-90,14.1
15-Feb-90,17.3
16-Feb-90,15.7
17-Feb-90,18.6
18-Feb-90,12.7
19-Feb-90,14
20-Feb-90,13.7
21-Feb-90,16.3
22-Feb-90,20
23-Feb-90,17
24-Feb-90,15.2
25-Feb-90,16.5
26-Feb-90,16.5
27-Feb-90,17.3
28-Feb-90,19.1
1-Mar-90,19.3
2-Mar-90,17.3
3-Mar-90,19
4-Mar-90,19.8
5-Mar-90,19.3
6-Mar-90,17.2
7-Mar-90,14.2
8-Mar-90,10.3
9-Mar-90,13
10-Mar-90,15.3
11-Mar-90,15
12-Mar-90,12.1
13-Mar-90,9.2
14-Mar-90,11
15-Mar-90,15
16-Mar-90,11.6
17-Mar-90,11.6
18-Mar-90,15.1
19-Mar-90,15
20-Mar-90,13.6
21-Mar-90,12.5
22-Mar-90,14.3
23-Mar-90,16
24-Mar-90,17.4
25-Mar-90,16.9
26-Mar-90,18
27-Mar-90,20.6
28-Mar-90,14.2
29-Mar-90,10.9
30-Mar-90,11.9
31-Mar-90,13.3
1-Apr-90,15.3
2-Apr-90,14.7
3-Apr-90,11
4-Apr-90,12.2
5-Apr-90,14.2
6-Apr-90,17
7-Apr-90,15.8
8-Apr-90,15.2
9-Apr-90,15.1
10-Apr-90,14.7
11-Apr-90,18.5
12-Apr-90,16.4
13-Apr-90,18.4
14-Apr-90,15.1
15-Apr-90,9.9
16-Apr-90,10.2
17-Apr-90,12.6
18-Apr-90,13.2
19-Apr-90,11.5
20-Apr-90,13.8
21-Apr-90,14.5
22-Apr-90,14.7
23-Apr-90,11.2
24-Apr-90,12.7
25-Apr-90,13.7
26-Apr-90,11.5
27-Apr-90,10.4
28-Apr-90,8.9
29-Apr-90,11.1
30-Apr-90,9.5
1-May-90,13
2-May-90,13.9
3-May-90,12.6
4-May-90,14.3
5-May-90,16
6-May-90,13.3
7-May-90,7
8-May-90,4.9
9-May-90,6.9
10-May-90,13.7
11-May-90,10.6
12-May-90,12.3
13-May-90,11.1
14-May-90,10.2
15-May-90,9.5
16-May-90,8.9
17-May-90,13.4
18-May-90,9.1
19-May-90,9.4
20-May-90,8.7
21-May-90,5.8
22-May-90,4.5
23-May-90,7.2
24-May-90,10
25-May-90,10.5
26-May-90,10.7
27-May-90,8.2
28-May-90,6.1
29-May-90,4.5
30-May-90,6.1
31-May-90,9.8
1-Jun-90,9.7
2-Jun-90,8.2
3-Jun-90,8.4
4-Jun-90,8.5
5-Jun-90,10.4
6-Jun-90,6.8
7-Jun-90,6
8-Jun-90,6.6
9-Jun-90,7.8
10-Jun-90,10.3
11-Jun-90,7.2
12-Jun-90,7.4
13-Jun-90,11.4
14-Jun-90,5.4
15-Jun-90,4.4
16-Jun-90,6.4
17-Jun-90,9.3
18-Jun-90,7.7
19-Jun-90,8.1
20-Jun-90,8.3
21-Jun-90,9.1
22-Jun-90,7.7
23-Jun-90,10.6
24-Jun-90,8.2
25-Jun-90,7.9
26-Jun-90,5.2
27-Jun-90,5.9
28-Jun-90,3.7
29-Jun-90,5.6
30-Jun-90,9.4
1-Jul-90,7.4
2-Jul-90,7.3
3-Jul-90,7.7
4-Jul-90,7.7
5-Jul-90,9.3
6-Jul-90,4.4
7-Jul-90,5.7
8-Jul-90,10.2
9-Jul-90,10.2
10-Jul-90,9.3
11-Jul-90,5.4
12-Jul-90,5
13-Jul-90,7.6
14-Jul-90,9.6
15-Jul-90,10.4
16-Jul-90,11.2
17-Jul-90,9.1
18-Jul-90,11.2
19-Jul-90,6.8
20-Jul-90,8.3
21-Jul-90,9.7
22-Jul-90,9.6
23-Jul-90,9.8
24-Jul-90,10.8
25-Jul-90,9.2
26-Jul-90,6.5
27-Jul-90,8.1
28-Jul-90,7.3
29-Jul-90,7.9
30-Jul-90,6
31-Jul-90,5
1-Aug-90,6.8
2-Aug-90,9.8
3-Aug-90,5.7
4-Aug-90,8.6
5-Aug-90,10.6
6-Aug-90,7.8
7-Aug-90,7.7
8-Aug-90,8.6
9-Aug-90,6.5
10-Aug-90,6.9
11-Aug-90,6.4
12-Aug-90,8.5
13-Aug-90,7.8
14-Aug-90,9.3
15-Aug-90,8.4
16-Aug-90,7.8
17-Aug-90,7.4
18-Aug-90,7.7
19-Aug-90,8.9
20-Aug-90,9.7
21-Aug-90,9.9
22-Aug-90,6.1
23-Aug-90,6.6
24-Aug-90,7.6
25-Aug-90,7.4
26-Aug-90,8
27-Aug-90,2.1
28-Aug-90,5.9
29-Aug-90,11.6
30-Aug-90,8.6
31-Aug-90,7.9
1-Sep-90,6
2-Sep-90,9.5
3-Sep-90,8.6
4-Sep-90,7.6
5-Sep-90,10.4
6-Sep-90,10.3
7-Sep-90,7.5
8-Sep-90,3
9-Sep-90,5.3
10-Sep-90,10.5
11-Sep-90,14.6
12-Sep-90,12.6
13-Sep-90,9.8
14-Sep-90,7.2
15-Sep-90,10.1
16-Sep-90,10.4
17-Sep-90,3.7
18-Sep-90,7.3
19-Sep-90,11.6
20-Sep-90,16.3
21-Sep-90,9.6
22-Sep-90,6.8
23-Sep-90,5.2
24-Sep-90,10.6
25-Sep-90,16.3
26-Sep-90,9.8
27-Sep-90,4.6
28-Sep-90,11.1
29-Sep-90,8.7
30-Sep-90,10
1-Oct-90,11.3
2-Oct-90,10.5
3-Oct-90,9.9
4-Oct-90,11
5-Oct-90,14
6-Oct-90,9.2
7-Oct-90,9.8
8-Oct-90,6
9-Oct-90,9.8
10-Oct-90,9.2
11-Oct-90,11.8
12-Oct-90,10.3
13-Oct-90,7.5
14-Oct-90,7.7
15-Oct-90,15.8
16-Oct-90,14.6
17-Oct-90,10.5
18-Oct-90,11.3
19-Oct-90,10.9
20-Oct-90,6.4
21-Oct-90,10.9
22-Oct-90,9
23-Oct-90,10.9
24-Oct-90,12.4
25-Oct-90,11.6
26-Oct-90,13.3
27-Oct-90,14.4
28-Oct-90,18.4
29-Oct-90,13.6
30-Oct-90,14.9
31-Oct-90,14.8
1-Nov-90,15.4
2-Nov-90,11.8
3-Nov-90,13
4-Nov-90,11.1
5-Nov-90,12.5
6-Nov-90,18.3
7-Nov-90,19.2
8-Nov-90,15.4
9-Nov-90,13.1
10-Nov-90,11.5
11-Nov-90,8.6
12-Nov-90,12.6
13-Nov-90,13.8
14-Nov-90,14.6
15-Nov-90,13.2
16-Nov-90,12.3
17-Nov-90,8.8
18-Nov-90,10.7
19-Nov-90,9.9
20-Nov-90,8.3
21-Nov-90,15
22-Nov-90,12.2
23-Nov-90,10.5
24-Nov-90,11.1
25-Nov-90,13
26-Nov-90,12.9
27-Nov-90,8.8
28-Nov-90,14.7
29-Nov-90,14.7
30-Nov-90,12.7
1-Dec-90,13.3
2-Dec-90,13.2
3-Dec-90,16.2
4-Dec-90,17.3
5-Dec-90,20.5
6-Dec-90,20.2
7-Dec-90,19.4
8-Dec-90,15.5
9-Dec-90,14.1
10-Dec-90,11
11-Dec-90,11.1
12-Dec-90,14
13-Dec-90,11.4
14-Dec-90,12.5
15-Dec-90,13.4
16-Dec-90,13.6
17-Dec-90,13.9
18-Dec-90,17.2
19-Dec-90,14.7
20-Dec-90,15.4
21-Dec-90,13.1
22-Dec-90,13.2
23-Dec-90,13.9
24-Dec-90,10
25-Dec-90,12.9
26-Dec-90,14.6
27-Dec-90,14
28-Dec-90,13.6
29-Dec-90,13.5
30-Dec-90,15.7
31-Dec-90,13
